<?xml version="1.0" encoding="utf-8"?>
<project>
    <name>Название проекта</name>
    <coordinates>
        <!-- Координаты вершин многоугольника – границ участка -->
        
        
        
        
    <coord>, undefined</coord></coordinates>
    <buildingarea>123</buildingarea> <!-- Площадь здания, тыс. кв. м -->
    <places>123</places> <!-- Количество мест -->
    <area>123</area> <!-- Площадь земельного участка, Га -->
    <height>123</height> <!-- Высота здания, м -->
    <floors>123</floors> <!-- Количество этажей -->
</project>
